Workbook

Sheet README
A1: SLR screening workbook (Wolfswinkel 5 stages + PRISMA 2020)
A2: Template for the `slr` skill. Yellow = you type. Green = formula, do not overwrite. Grey row = example, delete before use.
A4: Sheet | B4: Purpose | C4: Stage (Wolfswinkel / PRISMA)
A5: Protocol | B5: RQ, sub-RQs, inclusion/exclusion criteria with justification, sources | C5: 1 Define (steps 1.1 to 1.4)
A6: Search_Log | B6: One row per database search: date, exact string, filters, hits, filter-removed records | C6: 2 Search / PRISMA Identification
A7: Records | B7: Every exported record after import; duplicate flag; document-level filter check | C7: 3 Select / PRISMA Identification
A8: TA_Screening | B8: Title, abstract, keyword screening by two reviewers; agreement and final decision | C8: 3 Select / PRISMA Screening
A9: FT_Screening | B9: Full-text eligibility by two reviewers; coded exclusion reasons | C9: 3 Select / PRISMA Eligibility
A10: Reliability | B10: Percent agreement (Wolfswinkel minimum 90%) and Cohen's kappa for both rounds | C10: 3 Select (inter-coder check)
A11: PRISMA_Counts | B11: All flow numbers by formula, plus arithmetic cross-checks | C11: PRISMA 2020 flow
A12: PRISMA_Flow | B12: Flow diagram drawn in cells and linked to PRISMA_Counts | C12: PRISMA 2020 flow
A13: Evidence_Table | B13: One row per included study (Authors, Title, Journal, Summary, Details, Why it matters for the RQ) | C13: 4 Analyze (excerpting)
A14: Concept_Matrix | B14: Papers x concepts (Wolfswinkel Tables 3 and 4); merge and split concepts over time | C14: 4 Analyze (open, axial, selective coding)
A15: Logbook | B15: Dated decisions and criteria changes (process diary) | C15: All stages
A16: Lists | B16: Decision codes and exclusion-reason codes used by drop-downs | C16: Support
A19: Screening codes: Include / Exclude / Maybe. Maybe counts as a disagreement-risk and must be resolved before the final decision.
A20: Final decision rule: if both reviewers agree, that decision stands. If not, discuss; if still unresolved, a third person decides. Record it in the Final column.
A21: Rows 5 onward are counted. The grey example row in row 4 of each screening sheet is NOT counted and can be deleted.

Sheet Protocol
A1: Protocol: define (Wolfswinkel stage 1)
A3: Research question
A4: Sub-questions
A5: Review type / method | B5: Grounded-theory literature review (Wolfswinkel et al., 2013); reporting per PRISMA 2020 (Page et al., 2021)
A6: Team and roles | B6: Reviewer A: ... Reviewer B: ... Tie-breaker: ...
A8: Criterion | B8: Decision | C8: Justification (one sentence) | D8: Applied where (DB filter / TA / FT) | E8: Step (Table 1)
A9: Document type | B9: Journal articles only | C9: Peer-reviewed, legitimised corpus | D9: DB filter | E9: 1.1
A10: Empirical | B10: Empirical studies only | C10: Need evidence, not opinion | D10: TA + FT | E10: 1.1
A11: Language | B11: English | C11: All reviewers can read and check | D11: DB filter | E11: 1.1
A12: Field | B12: e.g. Business, Management, Social Sciences | C12: Where the construct is studied | D12: DB filter | E12: 1.2
A13: Time window | B13: e.g. 2019 to 2026 | C13: Relevance to current context | D13: DB filter | E13: 1.1
A14: Quality proxy | B14: e.g. impact factor above 1 (state if NOT applied) | C14: Screen for outlet quality; report as limitation | D14: DB filter / TA | E14: 1.1
A15: Topic-specific | B15: Operational definitions of key constructs | C15: Decide borderline terms in advance | D15: TA + FT | E15: 1.1
A17: Sources (step 1.3) and search terms (step 1.4) are recorded in Search_Log.

Sheet Search_Log
A1: Search log (stage 2). One row per database and run
A3: Search ID | B3: Database / interface | C3: Date run | D3: Exact search string (verbatim) | E3: Fields searched | F3: Hits before filters | G3: Removed by filters (doc type, language, years, subject) | H3: Hits after filters | I3: Filters applied | J3: Run by | L3: Example row 4 is not counted (sums start at row 5).
A4: EX-S1 | B4: Scopus (example) | C4: 2026-01-07 | D4: TITLE-ABS-KEY( gender OR sex ) AND TITLE-ABS-KEY( leader* ) AND TITLE-ABS-KEY( trust ) | E4: Title, abstract, keywords | F4: 291 | G4: 126 | H4: =IF(F4="","",F4-G4) -> 165 | I4: English; article; 2019 to 2026 | J4: AB | L4: Other-methods records (citation searching) go in PRISMA_Counts.
H5: =IF(F5="","",F5-G5)
H6: =IF(F6="","",F6-G6)
H7: =IF(F7="","",F7-G7)
H8: =IF(F8="","",F8-G8)
H9: =IF(F9="","",F9-G9)
H10: =IF(F10="","",F10-G10)
H11: =IF(F11="","",F11-G11)
H12: =IF(F12="","",F12-G12)
H13: =IF(F13="","",F13-G13)
H14: =IF(F14="","",F14-G14)
H15: =IF(F15="","",F15-G15)
H16: =IF(F16="","",F16-G16)
... H39: =IF(F39="","",F39-G39)

Sheet Records
A1: Records: everything exported from the databases (after import)
A3: ID | B3: Source DB | C3: Authors | D3: Year | E3: Title | F3: Journal | G3: DOI | H3: Impact factor / quartile | I3: Doc type | J3: Language | K3: Abstract | L3: Duplicate? (Y/N) | M3: Passes DB-level criteria? (Y/N) | O3: Keep author strings in one format (Surname, I.; Surname, I.). Add a Year and Journal column: the shared sheet lacked both.
A4: EX-1 | B4: Scopus | C4: Belasen, A.T.; Belasen, A.R. | D4: 2024 | E4: Signaling trust during disruptions | F4: (journal) | H4: 3.47 | I4: Article | J4: English | K4: (abstract text) | L4: N | M4: Y

Sheet TA_Screening
A1: Title / abstract / keyword screening (stage 3, PRISMA 'Screening')
A2: Records that passed DB-level criteria and are not duplicates. Reviewers decide independently BEFORE looking at each other's columns.
A3: ID | B3: Title | C3: Year | D3: Reviewer A decision | E3: Reviewer A reason (code) | F3: Reviewer B decision | G3: Reviewer B reason (code) | H3: Agree? | I3: Final decision | J3: Final reason (code) | K3: Resolved by | L3: Notes / reason for selection
A4: EX-1 | B4: Signaling trust during disruptions | C4: 2024 | D4: Include | F4: Include | H4: =IF(OR(D4="",F4=""),"",IF(D4=F4,"Yes","No")) -> Yes | I4: Include | L4: Leader gender and trust both present
H5: =IF(OR(D5="",F5=""),"",IF(D5=F5,"Yes","No"))
H6: =IF(OR(D6="",F6=""),"",IF(D6=F6,"Yes","No"))
H7: =IF(OR(D7="",F7=""),"",IF(D7=F7,"Yes","No"))
H8: =IF(OR(D8="",F8=""),"",IF(D8=F8,"Yes","No"))
H9: =IF(OR(D9="",F9=""),"",IF(D9=F9,"Yes","No"))
H10: =IF(OR(D10="",F10=""),"",IF(D10=F10,"Yes","No"))
H11: =IF(OR(D11="",F11=""),"",IF(D11=F11,"Yes","No"))
H12: =IF(OR(D12="",F12=""),"",IF(D12=F12,"Yes","No"))
H13: =IF(OR(D13="",F13=""),"",IF(D13=F13,"Yes","No"))
H14: =IF(OR(D14="",F14=""),"",IF(D14=F14,"Yes","No"))
H15: =IF(OR(D15="",F15=""),"",IF(D15=F15,"Yes","No"))
H16: =IF(OR(D16="",F16=""),"",IF(D16=F16,"Yes","No"))
... H1000: =IF(OR(D1000="",F1000=""),"",IF(D1000=F1000,"Yes","No"))

Sheet FT_Screening
A1: Full-text eligibility (stage 3, PRISMA 'Eligibility'). Careful reading
A2: One row per report sought for retrieval: all TA final = Include or Maybe-resolved-to-Include, plus records from citation searching.
A3: ID | B3: Title | C3: Source (Database / Backward / Forward) | D3: Retrieved? (Y/N) | E3: Reviewer A decision | F3: Reviewer B decision | G3: Agree? | H3: Final decision | I3: Exclusion reason (code) | J3: Resolved by | K3: Notes / reason for selection
A4: EX-1 | B4: Signaling trust during disruptions | C4: Database | D4: Y | E4: Include | F4: Include | G4: =IF(OR(E4="",F4=""),"",IF(E4=F4,"Yes","No")) -> Yes | H4: Include | K4: Meets all criteria
G5: =IF(OR(E5="",F5=""),"",IF(E5=F5,"Yes","No"))
G6: =IF(OR(E6="",F6=""),"",IF(E6=F6,"Yes","No"))
G7: =IF(OR(E7="",F7=""),"",IF(E7=F7,"Yes","No"))
G8: =IF(OR(E8="",F8=""),"",IF(E8=F8,"Yes","No"))
G9: =IF(OR(E9="",F9=""),"",IF(E9=F9,"Yes","No"))
G10: =IF(OR(E10="",F10=""),"",IF(E10=F10,"Yes","No"))
G11: =IF(OR(E11="",F11=""),"",IF(E11=F11,"Yes","No"))
G12: =IF(OR(E12="",F12=""),"",IF(E12=F12,"Yes","No"))
G13: =IF(OR(E13="",F13=""),"",IF(E13=F13,"Yes","No"))
G14: =IF(OR(E14="",F14=""),"",IF(E14=F14,"Yes","No"))
G15: =IF(OR(E15="",F15=""),"",IF(E15=F15,"Yes","No"))
G16: =IF(OR(E16="",F16=""),"",IF(E16=F16,"Yes","No"))
... G1000: =IF(OR(E1000="",F1000=""),"",IF(E1000=F1000,"Yes","No"))

Sheet Reliability
A1: Inter-reviewer reliability
A2: Wolfswinkel et al. (2013): at least 90% overlap between two reviewers on article selection. Kappa is reported as a complement.
A4: Metric | B4: Title/abstract round | C4: Full-text round | D4: Rule / note
A5: Records with two decisions (N) | B5: =COUNTIFS(TA_Screening!$D$5:$D$1000,"<>",TA_Screening!$F$5:$F$1000,"<>") -> 0 | C5: =COUNTIFS(FT_Screening!$E$5:$E$1000,"<>",FT_Screening!$F$5:$F$1000,"<>") -> 0 | D5: Both reviewers must have decided
A6: Agreements | B6: =COUNTIF(TA_Screening!$H$5:$H$1000,"Yes") -> 0 | C6: =COUNTIF(FT_Screening!$G$5:$G$1000,"Yes") -> 0
A7: Disagreements | B7: =COUNTIF(TA_Screening!$H$5:$H$1000,"No") -> 0 | C7: =COUNTIF(FT_Screening!$G$5:$G$1000,"No") -> 0 | D7: Resolve by discussion, then third reviewer
A8: Percent agreement | B8: =IF(B5=0,"",B6/B5) | C8: =IF(C5=0,"",C6/C5) | D8: Target: 0.90 or higher
A9: Meets 90% standard? | B9: =IF(B8="","",IF(B8>=0.9,"Yes","NO: recalibrate criteria and re-screen a sample")) | C9: =IF(C8="","",IF(C8>=0.9,"Yes","NO: recalibrate criteria and re-screen a sample")) | D9: Wolfswinkel et al. (2013), Select stage
A11: Cohen's kappa (3 categories: Include, Exclude, Maybe)
A12: Expected chance agreement (Pe) | B12: =IF(B5=0,"",((COUNTIF(TA_Screening!$D$5:$D$1000,"Include")*COUNTIF(TA_Screening!$F$5:$F$1000,"Include"))+(COUNTIF(TA_Screening!$D$5:$D$1000,"Exclude")*COUNTIF(TA_Screening!$F$5:$F$1000,"Exclude"))+(COUNTIF(TA_Screening!$D$5:$D$1000,"Maybe")*COUNTIF(TA_Screening!$F$5:$F$1000,"Maybe")))/(B5^2)) | C12: =IF(C5=0,"",((COUNTIF(FT_Screening!$E$5:$E$1000,"Include")*COUNTIF(FT_Screening!$F$5:$F$1000,"Include"))+(COUNTIF(FT_Screening!$E$5:$E$1000,"Exclude")*COUNTIF(FT_Screening!$F$5:$F$1000,"Exclude"))+(COUNTIF(FT_Screening!$E$5:$E$1000,"Maybe")*COUNTIF(FT_Screening!$F$5:$F$1000,"Maybe")))/(C5^2))
A13: Kappa = (Po - Pe) / (1 - Pe) | B13: =IF(OR(B8="",B12=""),"",IF(B12=1,1,(B8-B12)/(1-B12))) | C13: =IF(OR(C8="",C12=""),"",IF(C12=1,1,(C8-C12)/(1-C12))) | D13: Rough guide: 0.61 to 0.80 substantial, above 0.80 almost perfect (Landis & Koch, 1977)

Sheet PRISMA_Counts
A1: PRISMA 2020 counts (all by formula) and cross-checks
A2: Yellow cells are the only manual inputs. Everything else reads the other sheets.
A4: Item | B4: Count | C4: Source / formula logic | D4: Check
A5: Records identified from databases and registers | B5: =SUM(Search_Log!$F$5:$F$39) -> 0 | C5: Sum of hits before filters in Search_Log
A6: of which: number of databases searched | B6: =COUNTA(Search_Log!$B$5:$B$39) -> 0 | C6: Rows in Search_Log
A7: Reports from other methods sought for retrieval (backward/forward citation searching) | B7: 0 | C7: MANUAL: citation-searched papers that pass your quick relevance look; also list them in FT_Screening
A8: Records removed before screening: duplicates | B8: =COUNTIF(Records!$L$5:$L$1000,"Y") -> 0 | C8: Records sheet, Duplicate = Y
A9: Records removed before screening: marked ineligible by DB filters | B9: =SUM(Search_Log!$G$5:$G$39) -> 0 | C9: Filters applied at search (Search_Log col G)
A10: Records removed before screening: other reasons | B10: 0 | C10: MANUAL (e.g. retracted, automation tool); explain in Logbook
A11: Records screened (title/abstract) | B11: =COUNTA(TA_Screening!$A$5:$A$1000) -> 0 | C11: Rows in TA_Screening | D11: =IF(B11=B5-B8-B9-B10,"OK","MISMATCH: identified minus removed must equal screened") -> OK
A12: Records excluded at title/abstract | B12: =COUNTIF(TA_Screening!$I$5:$I$1000,"Exclude") -> 0 | C12: TA final decision = Exclude | D12: =IF(COUNTIF(TA_Screening!$I$5:$I$1000,"Maybe")>0,"Unresolved Maybe remain","OK") -> OK
A13: Reports sought for retrieval | B13: =COUNTA(FT_Screening!$A$5:$A$1000) -> 0 | C13: Rows in FT_Screening | D13: =IF(B13=B11-B12+B7,"OK","MISMATCH: screened minus excluded (+ other-method reports) must equal sought") -> OK
A14: Reports not retrieved | B14: =COUNTIF(FT_Screening!$D$5:$D$1000,"N") -> 0 | C14: Retrieved = N
A15: Reports assessed for eligibility | B15: =B13-B14 -> 0 | C15: Sought minus not retrieved
A16: Reports excluded at full text (total) | B16: =COUNTIF(FT_Screening!$H$5:$H$1000,"Exclude") -> 0 | C16: FT final decision = Exclude | D16: =IF(B16=SUM(B20:B30),"OK","MISMATCH: reason counts do not sum to total excluded") -> OK
A17: Studies included in review | B17: =COUNTIF(FT_Screening!$H$5:$H$1000,"Include") -> 0 | C17: FT final decision = Include | D17: =IF(B17=B15-B16,"OK","MISMATCH: assessed minus excluded must equal included") -> OK
A18: Full-text exclusion reasons (PRISMA requires the reason and count for each)
A19: Reason code | B19: Count | C19: Description
A20: R1 | B20: =COUNTIFS(FT_Screening!$H$5:$H$1000,"Exclude",FT_Screening!$I$5:$I$1000,A20) -> 0 | C20: =INDEX(Lists!$C$2:$C$12,MATCH(A20,Lists!$B$2:$B$12,0)) -> Not empirical (conceptual, opinion, editorial)
A21: R2 | B21: =COUNTIFS(FT_Screening!$H$5:$H$1000,"Exclude",FT_Screening!$I$5:$I$1000,A21) -> 0 | C21: =INDEX(Lists!$C$2:$C$12,MATCH(A21,Lists!$B$2:$B$12,0)) -> Wrong document type (book chapter, conference paper, thesis, review)
A22: R3 | B22: =COUNTIFS(FT_Screening!$H$5:$H$1000,"Exclude",FT_Screening!$I$5:$I$1000,A22) -> 0 | C22: =INDEX(Lists!$C$2:$C$12,MATCH(A22,Lists!$B$2:$B$12,0)) -> Not English
A23: R4 | B23: =COUNTIFS(FT_Screening!$H$5:$H$1000,"Exclude",FT_Screening!$I$5:$I$1000,A23) -> 0 | C23: =INDEX(Lists!$C$2:$C$12,MATCH(A23,Lists!$B$2:$B$12,0)) -> Outside time window
A24: R5 | B24: =COUNTIFS(FT_Screening!$H$5:$H$1000,"Exclude",FT_Screening!$I$5:$I$1000,A24) -> 0 | C24: =INDEX(Lists!$C$2:$C$12,MATCH(A24,Lists!$B$2:$B$12,0)) -> Outside field / subject area
A25: R6 | B25: =COUNTIFS(FT_Screening!$H$5:$H$1000,"Exclude",FT_Screening!$I$5:$I$1000,A25) -> 0 | C25: =INDEX(Lists!$C$2:$C$12,MATCH(A25,Lists!$B$2:$B$12,0)) -> Off topic: does not address the research question
A26: R7 | B26: =COUNTIFS(FT_Screening!$H$5:$H$1000,"Exclude",FT_Screening!$I$5:$I$1000,A26) -> 0 | C26: =INDEX(Lists!$C$2:$C$12,MATCH(A26,Lists!$B$2:$B$12,0)) -> Wrong population or actor (e.g. follower gender instead of leader gender)
A27: R8 | B27: =COUNTIFS(FT_Screening!$H$5:$H$1000,"Exclude",FT_Screening!$I$5:$I$1000,A27) -> 0 | C27: =INDEX(Lists!$C$2:$C$12,MATCH(A27,Lists!$B$2:$B$12,0)) -> Key construct missing (e.g. no gender dimension, no trust outcome)
A28: R9 | B28: =COUNTIFS(FT_Screening!$H$5:$H$1000,"Exclude",FT_Screening!$I$5:$I$1000,A28) -> 0 | C28: =INDEX(Lists!$C$2:$C$12,MATCH(A28,Lists!$B$2:$B$12,0)) -> Below quality threshold (e.g. impact factor)
A29: R10 | B29: =COUNTIFS(FT_Screening!$H$5:$H$1000,"Exclude",FT_Screening!$I$5:$I$1000,A29) -> 0 | C29: =INDEX(Lists!$C$2:$C$12,MATCH(A29,Lists!$B$2:$B$12,0)) -> Full text not retrievable
A30: R11 | B30: =COUNTIFS(FT_Screening!$H$5:$H$1000,"Exclude",FT_Screening!$I$5:$I$1000,A30) -> 0 | C30: =INDEX(Lists!$C$2:$C$12,MATCH(A30,Lists!$B$2:$B$12,0)) -> Other (explain in Notes)
A32: Global checks
A33: Every excluded full-text record has a reason code | D33: =IF(COUNTIFS(FT_Screening!$H$5:$H$1000,"Exclude",FT_Screening!$I$5:$I$1000,"")=0,"OK","Missing reason codes") -> OK
A34: Title/abstract disagreements all resolved (Final decision filled) | D34: =IF(COUNTIFS(TA_Screening!$H$5:$H$1000,"No",TA_Screening!$I$5:$I$1000,"")=0,"OK","Unresolved disagreements") -> OK
A35: Full-text disagreements all resolved | D35: =IF(COUNTIFS(FT_Screening!$G$5:$G$1000,"No",FT_Screening!$H$5:$H$1000,"")=0,"OK","Unresolved disagreements") -> OK
A36: Agreement at least 90% in both rounds | D36: =IF(AND(Reliability!B9="Yes",Reliability!C9="Yes"),"OK","Check Reliability sheet") -> Check Reliability sheet

Sheet PRISMA_Flow
A1: PRISMA 2020 flow diagram (linked to PRISMA_Counts)
A4: Identification | B4: ="Records identified from databases and registers (n = "&PRISMA_Counts!B5&")"&CHAR(10)&"Databases (n = "&PRISMA_Counts!B6&")" -> Records identified from databases and registers (n = 0) Databases (n = 0) | E4: ="Identification via other methods: reports sought from citation searching (n = "&PRISMA_Counts!B7&")" -> Identification via other methods: reports sought from citation searching (n = 0)
B7: ="Records removed before screening:"&CHAR(10)&"Duplicates (n = "&PRISMA_Counts!B8&")"&CHAR(10)&"Marked ineligible by filters (n = "&PRISMA_Counts!B9&")"&CHAR(10)&"Other reasons (n = "&PRISMA_Counts!B10&")" -> Records removed before screening: Duplicates (n = 0) Marked ineligible by filters (n = 0) Other reasons (n = 0)
A10: Screening | B10: ="Records screened (n = "&PRISMA_Counts!B11&")" -> Records screened (n = 0) | E10: ="Records excluded (n = "&PRISMA_Counts!B12&")" -> Records excluded (n = 0)
B12: ="Reports sought for retrieval (n = "&PRISMA_Counts!B13&")" -> Reports sought for retrieval (n = 0) | E12: ="Reports not retrieved (n = "&PRISMA_Counts!B14&")" -> Reports not retrieved (n = 0)
B14: ="Reports assessed for eligibility (n = "&PRISMA_Counts!B15&")" -> Reports assessed for eligibility (n = 0) | E14: ="Reports excluded (n = "&PRISMA_Counts!B16&")"&IF(PRISMA_Counts!B20>0,CHAR(10)&PRISMA_Counts!A20&": "&INDEX(Lists!$C$2:$C$12,MATCH(PRISMA_Counts!A20,Lists!$B$2:$B$12,0))&" (n = "&PRISMA_Counts!B20&")","")&IF(PRISMA_Counts!B21>0,CHAR(10)&PRISMA_Counts!A21&": "&INDEX(Lists!$C$2:$C$12,MATCH(PRISMA_Counts!A21,Lists!$B$2:$B$12,0))&" (n = "&PRISMA_Counts!B21&")","")&IF(PRISMA_Counts!B22>0,CHAR(10)&PRISMA_Counts!A22&": "&INDEX(Lists!$C$2:$C$12,MATCH(PRISMA_Counts!A22,Lists!$B$2:$B$12,0))&" (n = "&PRISMA_Counts!B22&")","")&IF(PRISMA_Counts!B23>0,CHAR(10)&PRISMA_Counts!A23&": "&INDEX(Lists!$C$2:$C$12,MATCH(PRISMA_Counts!A23,Lists!$B$2:$B$12,0))&" (n = "&PRISMA_Counts!B23&")","")&IF(PRISMA_Counts!B24>0,CHAR(10)&PRISMA_Counts!A24&": "&INDEX(Lists!$C$2:$C$12,MATCH(PRISMA_Counts!A24,Lists!$B$2:$B$12,0))&" (n = "&PRISMA_Counts!B24&")","")&IF(PRISMA_Counts!B25>0,CHAR(10)&PRISMA_Counts!A25&": "&INDEX(Lists!$C$2:$C$12,MATCH(PRISMA_Counts!A25,Lists!$B$2:$B$12,0))&" (n = "&PRISMA_Counts!B25&")","")&IF(PRISMA_Counts!B26>0,CHAR(10)&PRISMA_Counts!A26&": "&INDEX(Lists!$C$2:$C$12,MATCH(PRISMA_Counts!A26,Lists!$B$2:$B$12,0))&" (n = "&PRISMA_Counts!B26&")","")&IF(PRISMA_Counts!B27>0,CHAR(10)&PRISMA_Counts!A27&": "&INDEX(Lists!$C$2:$C$12,MATCH(PRISMA_Counts!A27,Lists!$B$2:$B$12,0))&" (n = "&PRISMA_Counts!B27&")","")&IF(PRISMA_Counts!B28>0,CHAR(10)&PRISMA_Counts!A28&": "&INDEX(Lists!$C$2:$C$12,MATCH(PRISMA_Counts!A28,Lists!$B$2:$B$12,0))&" (n = "&PRISMA_Counts!B28&")","")&IF(PRISMA_Counts!B29>0,CHAR(10)&PRISMA_Counts!A29&": "&INDEX(Lists!$C$2:$C$12,MATCH(PRISMA_Counts!A29,Lists!$B$2:$B$12,0))&" (n = "&PRISMA_Counts!B29&")","")&IF(PRISMA_Counts!B30>0,CHAR(10)&PRISMA_Counts!A30&": "&INDEX(Lists!$C$2:$C$12,MATCH(PRISMA_Counts!A30,Lists!$B$2:$B$12,0))&" (n = "&PRISMA_Counts!B30&")","") -> Reports excluded (n = 0)
A16: Included | B16: ="Studies included in review (n = "&PRISMA_Counts!B17&")" -> Studies included in review (n = 0)
A21: Copy this block into Word/PowerPoint as a picture, or redraw it as a figure from the counts (Page et al., 2021 template).

Sheet Evidence_Table
A1: Evidence table: one row per included study (stage 4)
A3: ID | B3: Authors | C3: Year | D3: Title | E3: Journal | F3: Summary (2 to 4 sentences) | G3: Context / country | H3: Design (qual / quant / mixed) | I3: Key results | J3: Agrees with / differs from other studies | K3: Limitations / biases | L3: Why it matters for the RQ
A4: EX-1 | B4: Belasen, A.T.; Belasen, A.R. | C4: 2024 | D4: Signaling trust during disruptions | E4: (journal) | F4: (summary) | G4: USA | H4: Quantitative | I4: (results) | J4: Consistent with role congruity findings | K4: (limitations) | L4: Shows different trust signals for male and female leaders

Sheet Concept_Matrix
A1: Concept matrix (Wolfswinkel Tables 3 and 4): mark X where a paper contributes an excerpt for a concept
A2: Merge, split and relabel concepts as coding proceeds and record each change in the Logbook. Columns after the papers give counts.
C3: Category A | D3: Category A | E3: Category B | F3: Category B | G3: Category C | H3: Category C
A4: Paper ID | B4: Authors (year) | C4: Concept 1 (open code) | D4: Concept 2 (open code) | E4: Concept 3 (open code) | F4: Concept 4 (open code) | G4: Concept 5 (open code) | H4: Concept 6 (open code) | I4: Concepts per paper
A5: EX-1 | B5: Belasen & Belasen (2024) [example] | C5: X | E5: X | I5: =IF(A5="","",COUNTIF(C5:H5,"X")) -> 2
I6: =IF(A6="","",COUNTIF(C6:H6,"X"))
I7: =IF(A7="","",COUNTIF(C7:H7,"X"))
I8: =IF(A8="","",COUNTIF(C8:H8,"X"))
I9: =IF(A9="","",COUNTIF(C9:H9,"X"))
I10: =IF(A10="","",COUNTIF(C10:H10,"X"))
I11: =IF(A11="","",COUNTIF(C11:H11,"X"))
I12: =IF(A12="","",COUNTIF(C12:H12,"X"))
I13: =IF(A13="","",COUNTIF(C13:H13,"X"))
I14: =IF(A14="","",COUNTIF(C14:H14,"X"))
I15: =IF(A15="","",COUNTIF(C15:H15,"X"))
I16: =IF(A16="","",COUNTIF(C16:H16,"X"))
I17: =IF(A17="","",COUNTIF(C17:H17,"X"))
... I44: =IF(A44="","",COUNTIF(C44:H44,"X"))
A46: Papers per concept | C46: =COUNTIF(C5:C44,"X") -> 1 | D46: =COUNTIF(D5:D44,"X") -> 0 | E46: =COUNTIF(E5:E44,"X") -> 1 | F46: =COUNTIF(F5:F44,"X") -> 0 | G46: =COUNTIF(G5:G44,"X") -> 0 | H46: =COUNTIF(H5:H44,"X") -> 0

Sheet Logbook
A1: Logbook: process diary (Wolfswinkel: write down the reason for every decision)
A3: Date | B3: Stage / step (Table 1) | C3: Decision or change | D3: Reason | E3: Consequence (what must be redone) | F3: By
A4: 2026-01-07 | B4: 2 Search (2.1) | C4: Narrowed RQ from 'gender differences' to 'leader gender and follower trust' | D4: First run returned too many off-topic hits | E4: Re-run all databases; re-screen | F4: AB

Sheet Lists
A1: Decision | B1: Exclusion reason code | C1: Reason description (edit to fit your criteria)
A2: Include | B2: R1 | C2: Not empirical (conceptual, opinion, editorial)
A3: Exclude | B3: R2 | C3: Wrong document type (book chapter, conference paper, thesis, review)
A4: Maybe | B4: R3 | C4: Not English
B5: R4 | C5: Outside time window
B6: R5 | C6: Outside field / subject area
B7: R6 | C7: Off topic: does not address the research question
B8: R7 | C8: Wrong population or actor (e.g. follower gender instead of leader gender)
B9: R8 | C9: Key construct missing (e.g. no gender dimension, no trust outcome)
B10: R9 | C10: Below quality threshold (e.g. impact factor)
B11: R10 | C11: Full text not retrievable
B12: R11 | C12: Other (explain in Notes)
